IdeaIndex,IdeaIndexByClusters,ClusterLabel
106,1,1
142,2,1
274,3,1
870,4,1
897,5,1
899,6,1
926,7,1
941,8,1
947,9,1
962,10,1
971,11,1
983,12,1
1078,13,1
1132,14,1
1276,15,1
1282,16,1
1301,17,1
1321,18,1
1324,19,1
1634,20,1
1979,21,1
2041,22,1
2053,23,1
2080,24,1
2081,25,1
2124,26,1
2322,27,1
2325,28,1
2328,29,1
2444,30,1
2480,31,1
2560,32,1
1,33,2
7,34,2
10,35,2
13,36,2
44,37,2
47,38,2
55,39,2
58,40,2
59,41,2
87,42,2
88,43,2
107,44,2
110,45,2
114,46,2
116,47,2
121,48,2
124,49,2
128,50,2
132,51,2
134,52,2
135,53,2
136,54,2
137,55,2
150,56,2
152,57,2
153,58,2
154,59,2
155,60,2
157,61,2
158,62,2
160,63,2
164,64,2
167,65,2
168,66,2
170,67,2
171,68,2
181,69,2
182,70,2
195,71,2
198,72,2
205,73,2
226,74,2
227,75,2
241,76,2
243,77,2
246,78,2
248,79,2
249,80,2
251,81,2
252,82,2
257,83,2
261,84,2
263,85,2
265,86,2
266,87,2
271,88,2
272,89,2
275,90,2
276,91,2
281,92,2
282,93,2
284,94,2
287,95,2
299,96,2
303,97,2
312,98,2
317,99,2
319,100,2
320,101,2
322,102,2
327,103,2
329,104,2
333,105,2
334,106,2
335,107,2
342,108,2
343,109,2
354,110,2
358,111,2
359,112,2
367,113,2
368,114,2
371,115,2
373,116,2
376,117,2
385,118,2
387,119,2
406,120,2
407,121,2
415,122,2
426,123,2
432,124,2
438,125,2
439,126,2
451,127,2
458,128,2
461,129,2
467,130,2
474,131,2
476,132,2
479,133,2
480,134,2
485,135,2
491,136,2
497,137,2
500,138,2
502,139,2
515,140,2
516,141,2
518,142,2
522,143,2
526,144,2
531,145,2
533,146,2
536,147,2
537,148,2
538,149,2
539,150,2
542,151,2
545,152,2
548,153,2
554,154,2
557,155,2
558,156,2
562,157,2
565,158,2
567,159,2
569,160,2
570,161,2
571,162,2
572,163,2
575,164,2
576,165,2
577,166,2
579,167,2
583,168,2
586,169,2
588,170,2
589,171,2
593,172,2
598,173,2
600,174,2
614,175,2
619,176,2
621,177,2
623,178,2
625,179,2
630,180,2
632,181,2
633,182,2
636,183,2
637,184,2
638,185,2
640,186,2
641,187,2
643,188,2
648,189,2
651,190,2
673,191,2
677,192,2
691,193,2
702,194,2
705,195,2
726,196,2
732,197,2
733,198,2
735,199,2
736,200,2
737,201,2
738,202,2
739,203,2
740,204,2
741,205,2
743,206,2
746,207,2
749,208,2
751,209,2
752,210,2
753,211,2
757,212,2
759,213,2
762,214,2
763,215,2
790,216,2
794,217,2
796,218,2
807,219,2
810,220,2
814,221,2
816,222,2
817,223,2
818,224,2
819,225,2
825,226,2
826,227,2
827,228,2
828,229,2
831,230,2
832,231,2
833,232,2
834,233,2
835,234,2
838,235,2
840,236,2
841,237,2
842,238,2
843,239,2
847,240,2
849,241,2
850,242,2
853,243,2
854,244,2
857,245,2
858,246,2
861,247,2
862,248,2
863,249,2
875,250,2
877,251,2
891,252,2
892,253,2
893,254,2
894,255,2
905,256,2
915,257,2
916,258,2
918,259,2
919,260,2
920,261,2
922,262,2
923,263,2
924,264,2
925,265,2
929,266,2
945,267,2
955,268,2
959,269,2
992,270,2
993,271,2
994,272,2
996,273,2
1015,274,2
1023,275,2
1024,276,2
1025,277,2
1026,278,2
1033,279,2
1034,280,2
1035,281,2
1036,282,2
1040,283,2
1042,284,2
1046,285,2
1049,286,2
1055,287,2
1088,288,2
1091,289,2
1093,290,2
1141,291,2
1143,292,2
1144,293,2
1160,294,2
1161,295,2
1166,296,2
1167,297,2
1173,298,2
1174,299,2
1178,300,2
1180,301,2
1181,302,2
1185,303,2
1186,304,2
1189,305,2
1193,306,2
1194,307,2
1196,308,2
1197,309,2
1198,310,2
1199,311,2
1200,312,2
1202,313,2
1203,314,2
1204,315,2
1205,316,2
1206,317,2
1207,318,2
1209,319,2
1214,320,2
1215,321,2
1216,322,2
1218,323,2
1220,324,2
1230,325,2
1231,326,2
1232,327,2
1240,328,2
1266,329,2
1267,330,2
1287,331,2
1318,332,2
1326,333,2
1330,334,2
1334,335,2
1338,336,2
1347,337,2
1349,338,2
1350,339,2
1351,340,2
1352,341,2
1354,342,2
1356,343,2
1362,344,2
1369,345,2
1371,346,2
1372,347,2
1400,348,2
1403,349,2
1405,350,2
1407,351,2
1408,352,2
1412,353,2
1414,354,2
1416,355,2
1418,356,2
1424,357,2
1425,358,2
1427,359,2
1434,360,2
1440,361,2
1443,362,2
1446,363,2
1454,364,2
1455,365,2
1456,366,2
1458,367,2
1462,368,2
1468,369,2
1471,370,2
1473,371,2
1475,372,2
1486,373,2
1487,374,2
1488,375,2
1490,376,2
1492,377,2
1497,378,2
1498,379,2
1501,380,2
1502,381,2
1503,382,2
1505,383,2
1507,384,2
1508,385,2
1509,386,2
1511,387,2
1513,388,2
1515,389,2
1520,390,2
1521,391,2
1525,392,2
1527,393,2
1531,394,2
1533,395,2
1536,396,2
1543,397,2
1544,398,2
1551,399,2
1552,400,2
1553,401,2
1557,402,2
1558,403,2
1576,404,2
1577,405,2
1581,406,2
1584,407,2
1585,408,2
1589,409,2
1590,410,2
1592,411,2
1596,412,2
1598,413,2
1609,414,2
1617,415,2
1626,416,2
1627,417,2
1628,418,2
1643,419,2
1656,420,2
1658,421,2
1660,422,2
1662,423,2
1665,424,2
1672,425,2
1673,426,2
1674,427,2
1676,428,2
1678,429,2
1679,430,2
1680,431,2
1682,432,2
1686,433,2
1693,434,2
1695,435,2
1696,436,2
1712,437,2
1718,438,2
1723,439,2
1725,440,2
1726,441,2
1727,442,2
1733,443,2
1735,444,2
1736,445,2
1741,446,2
1742,447,2
1745,448,2
1747,449,2
1749,450,2
1750,451,2
1751,452,2
1752,453,2
1753,454,2
1756,455,2
1766,456,2
1768,457,2
1769,458,2
1774,459,2
1775,460,2
1778,461,2
1780,462,2
1782,463,2
1783,464,2
1784,465,2
1785,466,2
1786,467,2
1789,468,2
1799,469,2
1800,470,2
1801,471,2
1804,472,2
1805,473,2
1809,474,2
1817,475,2
1818,476,2
1819,477,2
1820,478,2
1821,479,2
1822,480,2
1823,481,2
1824,482,2
1825,483,2
1826,484,2
1827,485,2
1828,486,2
1829,487,2
1830,488,2
1831,489,2
1835,490,2
1841,491,2
1842,492,2
1844,493,2
1850,494,2
1854,495,2
1857,496,2
1858,497,2
1860,498,2
1865,499,2
1866,500,2
1869,501,2
1872,502,2
1876,503,2
1877,504,2
1878,505,2
1880,506,2
1884,507,2
1885,508,2
1887,509,2
1889,510,2
1896,511,2
1900,512,2
1902,513,2
1903,514,2
1904,515,2
1905,516,2
1909,517,2
1913,518,2
1923,519,2
1924,520,2
1927,521,2
1929,522,2
1931,523,2
1932,524,2
1933,525,2
1934,526,2
1943,527,2
1947,528,2
1951,529,2
1952,530,2
1953,531,2
1954,532,2
1956,533,2
1958,534,2
1959,535,2
1965,536,2
1966,537,2
1967,538,2
1968,539,2
1969,540,2
1973,541,2
1975,542,2
1978,543,2
1983,544,2
1984,545,2
1987,546,2
1991,547,2
1992,548,2
1993,549,2
1994,550,2
1996,551,2
2002,552,2
2003,553,2
2004,554,2
2005,555,2
2006,556,2
2010,557,2
2012,558,2
2026,559,2
2028,560,2
2043,561,2
2047,562,2
2049,563,2
2058,564,2
2059,565,2
2062,566,2
2063,567,2
2066,568,2
2067,569,2
2069,570,2
2070,571,2
2078,572,2
2094,573,2
2100,574,2
2102,575,2
2116,576,2
2118,577,2
2120,578,2
2125,579,2
2127,580,2
2128,581,2
2130,582,2
2132,583,2
2134,584,2
2135,585,2
2137,586,2
2138,587,2
2141,588,2
2146,589,2
2158,590,2
2164,591,2
2166,592,2
2167,593,2
2176,594,2
2178,595,2
2181,596,2
2183,597,2
2184,598,2
2189,599,2
2192,600,2
2196,601,2
2207,602,2
2208,603,2
2209,604,2
2210,605,2
2211,606,2
2212,607,2
2213,608,2
2214,609,2
2215,610,2
2216,611,2
2217,612,2
2218,613,2
2220,614,2
2223,615,2
2226,616,2
2227,617,2
2231,618,2
2234,619,2
2237,620,2
2238,621,2
2248,622,2
2258,623,2
2265,624,2
2276,625,2
2284,626,2
2289,627,2
2290,628,2
2306,629,2
2310,630,2
2314,631,2
2316,632,2
2333,633,2
2334,634,2
2335,635,2
2337,636,2
2349,637,2
2350,638,2
2357,639,2
2358,640,2
2359,641,2
2365,642,2
2369,643,2
2372,644,2
2385,645,2
2391,646,2
2392,647,2
2405,648,2
2409,649,2
2412,650,2
2418,651,2
2419,652,2
2420,653,2
2422,654,2
2424,655,2
2425,656,2
2428,657,2
2429,658,2
2430,659,2
2431,660,2
2448,661,2
2450,662,2
2452,663,2
2457,664,2
2462,665,2
2482,666,2
2484,667,2
2492,668,2
2500,669,2
2502,670,2
2511,671,2
2514,672,2
2516,673,2
2517,674,2
2525,675,2
2526,676,2
2527,677,2
2528,678,2
2529,679,2
2534,680,2
2537,681,2
2539,682,2
2541,683,2
2550,684,2
2558,685,2
35,686,3
69,687,3
71,688,3
102,689,3
104,690,3
112,691,3
213,692,3
215,693,3
294,694,3
627,695,3
644,696,3
655,697,3
657,698,3
659,699,3
661,700,3
674,701,3
675,702,3
676,703,3
730,704,3
734,705,3
766,706,3
867,707,3
896,708,3
1003,709,3
1062,710,3
1085,711,3
1149,712,3
1191,713,3
1212,714,3
1245,715,3
1252,716,3
1380,717,3
1381,718,3
1385,719,3
1394,720,3
1574,721,3
1604,722,3
1620,723,3
1714,724,3
1724,725,3
1729,726,3
1843,727,3
1918,728,3
1921,729,3
1982,730,3
1997,731,3
2044,732,3
2091,733,3
2255,734,3
2317,735,3
2319,736,3
2326,737,3
2331,738,3
2338,739,3
2341,740,3
2342,741,3
2432,742,3
2436,743,3
2437,744,3
2439,745,3
2440,746,3
2472,747,3
2501,748,3
2553,749,3
37,750,4
73,751,4
76,752,4
97,753,4
129,754,4
143,755,4
144,756,4
145,757,4
146,758,4
147,759,4
148,760,4
149,761,4
151,762,4
161,763,4
162,764,4
173,765,4
175,766,4
208,767,4
211,768,4
212,769,4
219,770,4
221,771,4
223,772,4
242,773,4
256,774,4
264,775,4
267,776,4
268,777,4
269,778,4
304,779,4
305,780,4
316,781,4
338,782,4
348,783,4
351,784,4
361,785,4
378,786,4
419,787,4
444,788,4
450,789,4
454,790,4
482,791,4
490,792,4
492,793,4
508,794,4
512,795,4
521,796,4
524,797,4
543,798,4
547,799,4
561,800,4
574,801,4
578,802,4
580,803,4
603,804,4
604,805,4
605,806,4
606,807,4
688,808,4
715,809,4
742,810,4
808,811,4
812,812,4
813,813,4
954,814,4
960,815,4
1001,816,4
1004,817,4
1009,818,4
1011,819,4
1017,820,4
1044,821,4
1048,822,4
1051,823,4
1052,824,4
1103,825,4
1105,826,4
1106,827,4
1108,828,4
1115,829,4
1147,830,4
1192,831,4
1195,832,4
1201,833,4
1217,834,4
1279,835,4
1280,836,4
1288,837,4
1294,838,4
1300,839,4
1364,840,4
1444,841,4
1461,842,4
1472,843,4
1499,844,4
1500,845,4
1548,846,4
1573,847,4
1575,848,4
1578,849,4
1595,850,4
1597,851,4
1600,852,4
1641,853,4
1654,854,4
1659,855,4
1675,856,4
1684,857,4
1692,858,4
1703,859,4
1711,860,4
1732,861,4
1738,862,4
1739,863,4
1754,864,4
1755,865,4
1757,866,4
1758,867,4
1765,868,4
1771,869,4
1772,870,4
1787,871,4
1788,872,4
1790,873,4
1791,874,4
1798,875,4
1840,876,4
1901,877,4
1988,878,4
2011,879,4
2020,880,4
2036,881,4
2056,882,4
2072,883,4
2075,884,4
2092,885,4
2096,886,4
2098,887,4
2106,888,4
2111,889,4
2112,890,4
2113,891,4
2147,892,4
2155,893,4
2160,894,4
2169,895,4
2170,896,4
2171,897,4
2172,898,4
2173,899,4
2174,900,4
2188,901,4
2191,902,4
2202,903,4
2203,904,4
2250,905,4
2254,906,4
2279,907,4
2295,908,4
2336,909,4
2344,910,4
2362,911,4
2390,912,4
2442,913,4
2451,914,4
2454,915,4
2455,916,4
2485,917,4
2507,918,4
2510,919,4
2521,920,4
2536,921,4
2,922,5
3,923,5
5,924,5
6,925,5
11,926,5
12,927,5
14,928,5
18,929,5
24,930,5
27,931,5
39,932,5
40,933,5
45,934,5
48,935,5
51,936,5
56,937,5
57,938,5
65,939,5
70,940,5
74,941,5
75,942,5
80,943,5
81,944,5
105,945,5
108,946,5
117,947,5
118,948,5
119,949,5
120,950,5
123,951,5
159,952,5
165,953,5
169,954,5
172,955,5
184,956,5
193,957,5
194,958,5
199,959,5
207,960,5
230,961,5
232,962,5
234,963,5
245,964,5
258,965,5
259,966,5
286,967,5
289,968,5
292,969,5
309,970,5
313,971,5
318,972,5
321,973,5
324,974,5
325,975,5
328,976,5
330,977,5
332,978,5
336,979,5
337,980,5
339,981,5
340,982,5
341,983,5
345,984,5
346,985,5
347,986,5
350,987,5
352,988,5
357,989,5
363,990,5
369,991,5
370,992,5
396,993,5
398,994,5
399,995,5
412,996,5
413,997,5
414,998,5
422,999,5
442,1000,5
447,1001,5
448,1002,5
459,1003,5
460,1004,5
463,1005,5
470,1006,5
472,1007,5
475,1008,5
477,1009,5
489,1010,5
499,1011,5
505,1012,5
520,1013,5
530,1014,5
532,1015,5
549,1016,5
550,1017,5
551,1018,5
553,1019,5
564,1020,5
573,1021,5
581,1022,5
582,1023,5
590,1024,5
591,1025,5
592,1026,5
594,1027,5
596,1028,5
601,1029,5
602,1030,5
610,1031,5
622,1032,5
635,1033,5
658,1034,5
660,1035,5
663,1036,5
671,1037,5
672,1038,5
684,1039,5
692,1040,5
701,1041,5
719,1042,5
720,1043,5
754,1044,5
760,1045,5
770,1046,5
773,1047,5
778,1048,5
786,1049,5
797,1050,5
798,1051,5
811,1052,5
836,1053,5
837,1054,5
839,1055,5
844,1056,5
860,1057,5
874,1058,5
886,1059,5
889,1060,5
890,1061,5
895,1062,5
913,1063,5
914,1064,5
917,1065,5
940,1066,5
965,1067,5
987,1068,5
990,1069,5
995,1070,5
1028,1071,5
1032,1072,5
1039,1073,5
1050,1074,5
1056,1075,5
1058,1076,5
1071,1077,5
1079,1078,5
1089,1079,5
1090,1080,5
1099,1081,5
1102,1082,5
1109,1083,5
1127,1084,5
1142,1085,5
1151,1086,5
1154,1087,5
1164,1088,5
1177,1089,5
1208,1090,5
1213,1091,5
1233,1092,5
1234,1093,5
1238,1094,5
1239,1095,5
1241,1096,5
1242,1097,5
1246,1098,5
1249,1099,5
1250,1100,5
1256,1101,5
1259,1102,5
1261,1103,5
1263,1104,5
1264,1105,5
1268,1106,5
1270,1107,5
1273,1108,5
1281,1109,5
1283,1110,5
1285,1111,5
1286,1112,5
1293,1113,5
1298,1114,5
1306,1115,5
1315,1116,5
1333,1117,5
1336,1118,5
1353,1119,5
1358,1120,5
1363,1121,5
1367,1122,5
1373,1123,5
1374,1124,5
1393,1125,5
1419,1126,5
1420,1127,5
1423,1128,5
1426,1129,5
1428,1130,5
1429,1131,5
1430,1132,5
1436,1133,5
1457,1134,5
1459,1135,5
1460,1136,5
1463,1137,5
1489,1138,5
1493,1139,5
1506,1140,5
1514,1141,5
1516,1142,5
1522,1143,5
1528,1144,5
1530,1145,5
1545,1146,5
1546,1147,5
1547,1148,5
1564,1149,5
1565,1150,5
1580,1151,5
1587,1152,5
1602,1153,5
1603,1154,5
1605,1155,5
1606,1156,5
1611,1157,5
1615,1158,5
1631,1159,5
1644,1160,5
1650,1161,5
1652,1162,5
1668,1163,5
1681,1164,5
1683,1165,5
1687,1166,5
1708,1167,5
1740,1168,5
1743,1169,5
1744,1170,5
1746,1171,5
1748,1172,5
1773,1173,5
1776,1174,5
1777,1175,5
1779,1176,5
1781,1177,5
1802,1178,5
1803,1179,5
1806,1180,5
1807,1181,5
1812,1182,5
1832,1183,5
1837,1184,5
1838,1185,5
1846,1186,5
1859,1187,5
1861,1188,5
1868,1189,5
1870,1190,5
1871,1191,5
1873,1192,5
1874,1193,5
1879,1194,5
1883,1195,5
1886,1196,5
1893,1197,5
1908,1198,5
1914,1199,5
1917,1200,5
1922,1201,5
1925,1202,5
1930,1203,5
1939,1204,5
1940,1205,5
1957,1206,5
1963,1207,5
1970,1208,5
1974,1209,5
1976,1210,5
2008,1211,5
2016,1212,5
2017,1213,5
2024,1214,5
2032,1215,5
2037,1216,5
2040,1217,5
2060,1218,5
2068,1219,5
2087,1220,5
2088,1221,5
2090,1222,5
2107,1223,5
2108,1224,5
2115,1225,5
2119,1226,5
2133,1227,5
2148,1228,5
2151,1229,5
2157,1230,5
2161,1231,5
2165,1232,5
2182,1233,5
2186,1234,5
2225,1235,5
2230,1236,5
2236,1237,5
2242,1238,5
2243,1239,5
2244,1240,5
2252,1241,5
2260,1242,5
2261,1243,5
2266,1244,5
2267,1245,5
2275,1246,5
2277,1247,5
2281,1248,5
2282,1249,5
2292,1250,5
2303,1251,5
2315,1252,5
2330,1253,5
2332,1254,5
2348,1255,5
2354,1256,5
2355,1257,5
2364,1258,5
2371,1259,5
2378,1260,5
2381,1261,5
2384,1262,5
2388,1263,5
2389,1264,5
2414,1265,5
2416,1266,5
2435,1267,5
2459,1268,5
2461,1269,5
2463,1270,5
2465,1271,5
2489,1272,5
2493,1273,5
2494,1274,5
2496,1275,5
2497,1276,5
2498,1277,5
2503,1278,5
2512,1279,5
2513,1280,5
2523,1281,5
2547,1282,5
2548,1283,5
2555,1284,5
2559,1285,5
2562,1286,5
2565,1287,5
2566,1288,5
2568,1289,5
2569,1290,5
2571,1291,5
2572,1292,5
30,1293,6
31,1294,6
49,1295,6
66,1296,6
67,1297,6
186,1298,6
302,1299,6
372,1300,6
389,1301,6
391,1302,6
416,1303,6
418,1304,6
453,1305,6
464,1306,6
506,1307,6
683,1308,6
685,1309,6
686,1310,6
728,1311,6
729,1312,6
748,1313,6
793,1314,6
901,1315,6
1084,1316,6
1086,1317,6
1125,1318,6
1184,1319,6
1226,1320,6
1272,1321,6
1322,1322,6
1392,1323,6
1421,1324,6
1451,1325,6
1452,1326,6
1582,1327,6
1594,1328,6
1915,1329,6
1955,1330,6
2015,1331,6
2025,1332,6
2038,1333,6
2504,1334,6
2524,1335,6
2552,1336,6
4,1337,7
8,1338,7
41,1339,7
46,1340,7
54,1341,7
93,1342,7
94,1343,7
95,1344,7
111,1345,7
133,1346,7
189,1347,7
191,1348,7
192,1349,7
244,1350,7
360,1351,7
465,1352,7
501,1353,7
507,1354,7
534,1355,7
559,1356,7
597,1357,7
599,1358,7
608,1359,7
616,1360,7
696,1361,7
779,1362,7
784,1363,7
785,1364,7
822,1365,7
882,1366,7
884,1367,7
907,1368,7
910,1369,7
921,1370,7
934,1371,7
948,1372,7
1072,1373,7
1077,1374,7
1158,1375,7
1168,1376,7
1190,1377,7
1211,1378,7
1254,1379,7
1265,1380,7
1308,1381,7
1310,1382,7
1337,1383,7
1339,1384,7
1343,1385,7
1390,1386,7
1391,1387,7
1437,1388,7
1465,1389,7
1484,1390,7
1491,1391,7
1510,1392,7
1526,1393,7
1705,1394,7
1716,1395,7
1719,1396,7
1728,1397,7
1937,1398,7
1938,1399,7
1945,1400,7
1960,1401,7
1961,1402,7
1962,1403,7
1985,1404,7
2007,1405,7
2029,1406,7
2153,1407,7
2154,1408,7
2340,1409,7
2353,1410,7
2374,1411,7
2382,1412,7
2395,1413,7
2398,1414,7
2399,1415,7
2401,1416,7
2403,1417,7
2583,1418,7
62,1419,8
64,1420,8
78,1421,8
79,1422,8
82,1423,8
84,1424,8
86,1425,8
139,1426,8
156,1427,8
174,1428,8
176,1429,8
177,1430,8
179,1431,8
197,1432,8
220,1433,8
224,1434,8
225,1435,8
228,1436,8
237,1437,8
270,1438,8
293,1439,8
331,1440,8
344,1441,8
356,1442,8
362,1443,8
364,1444,8
374,1445,8
417,1446,8
420,1447,8
427,1448,8
428,1449,8
429,1450,8
430,1451,8
431,1452,8
437,1453,8
440,1454,8
449,1455,8
455,1456,8
456,1457,8
483,1458,8
486,1459,8
514,1460,8
519,1461,8
523,1462,8
546,1463,8
552,1464,8
556,1465,8
566,1466,8
568,1467,8
584,1468,8
607,1469,8
611,1470,8
634,1471,8
679,1472,8
713,1473,8
716,1474,8
756,1475,8
792,1476,8
801,1477,8
815,1478,8
829,1479,8
830,1480,8
852,1481,8
866,1482,8
943,1483,8
999,1484,8
1002,1485,8
1018,1486,8
1019,1487,8
1020,1488,8
1021,1489,8
1030,1490,8
1064,1491,8
1065,1492,8
1081,1493,8
1094,1494,8
1095,1495,8
1098,1496,8
1101,1497,8
1120,1498,8
1146,1499,8
1163,1500,8
1172,1501,8
1235,1502,8
1237,1503,8
1260,1504,8
1262,1505,8
1295,1506,8
1297,1507,8
1303,1508,8
1357,1509,8
1361,1510,8
1366,1511,8
1368,1512,8
1370,1513,8
1409,1514,8
1411,1515,8
1453,1516,8
1469,1517,8
1470,1518,8
1477,1519,8
1481,1520,8
1483,1521,8
1512,1522,8
1517,1523,8
1524,1524,8
1532,1525,8
1534,1526,8
1535,1527,8
1537,1528,8
1538,1529,8
1539,1530,8
1540,1531,8
1541,1532,8
1542,1533,8
1588,1534,8
1613,1535,8
1614,1536,8
1629,1537,8
1653,1538,8
1666,1539,8
1671,1540,8
1685,1541,8
1688,1542,8
1698,1543,8
1699,1544,8
1700,1545,8
1701,1546,8
1702,1547,8
1704,1548,8
1706,1549,8
1707,1550,8
1715,1551,8
1717,1552,8
1720,1553,8
1721,1554,8
1722,1555,8
1730,1556,8
1759,1557,8
1762,1558,8
1763,1559,8
1764,1560,8
1792,1561,8
1795,1562,8
1796,1563,8
1797,1564,8
1848,1565,8
1849,1566,8
1851,1567,8
1853,1568,8
1882,1569,8
1911,1570,8
1916,1571,8
1919,1572,8
1948,1573,8
1950,1574,8
1989,1575,8
2000,1576,8
2013,1577,8
2018,1578,8
2048,1579,8
2064,1580,8
2065,1581,8
2093,1582,8
2095,1583,8
2099,1584,8
2104,1585,8
2117,1586,8
2131,1587,8
2143,1588,8
2144,1589,8
2156,1590,8
2159,1591,8
2162,1592,8
2163,1593,8
2190,1594,8
2194,1595,8
2232,1596,8
2239,1597,8
2257,1598,8
2270,1599,8
2271,1600,8
2272,1601,8
2273,1602,8
2274,1603,8
2283,1604,8
2285,1605,8
2286,1606,8
2288,1607,8
2293,1608,8
2294,1609,8
2313,1610,8
2318,1611,8
2346,1612,8
2347,1613,8
2356,1614,8
2367,1615,8
2370,1616,8
2373,1617,8
2379,1618,8
2423,1619,8
2488,1620,8
2532,1621,8
2533,1622,8
2567,1623,8
2578,1624,8
2579,1625,8
2580,1626,8
2581,1627,8
2582,1628,8
32,1629,9
60,1630,9
63,1631,9
72,1632,9
85,1633,9
101,1634,9
138,1635,9
178,1636,9
188,1637,9
190,1638,9
239,1639,9
240,1640,9
260,1641,9
509,1642,9
694,1643,9
709,1644,9
731,1645,9
761,1646,9
799,1647,9
902,1648,9
928,1649,9
961,1650,9
968,1651,9
1012,1652,9
1060,1653,9
1083,1654,9
1122,1655,9
1123,1656,9
1162,1657,9
1244,1658,9
1449,1659,9
1474,1660,9
1635,1661,9
1661,1662,9
1709,1663,9
1836,1664,9
1845,1665,9
1936,1666,9
1980,1667,9
2291,1668,9
2386,1669,9
2495,1670,9
2515,1671,9
25,1672,10
100,1673,10
166,1674,10
297,1675,10
401,1676,10
560,1677,10
652,1678,10
665,1679,10
689,1680,10
747,1681,10
846,1682,10
855,1683,10
909,1684,10
973,1685,10
976,1686,10
980,1687,10
988,1688,10
1013,1689,10
1014,1690,10
1059,1691,10
1076,1692,10
1100,1693,10
1110,1694,10
1112,1695,10
1130,1696,10
1171,1697,10
1182,1698,10
1183,1699,10
1221,1700,10
1223,1701,10
1271,1702,10
1323,1703,10
1325,1704,10
1346,1705,10
1399,1706,10
1415,1707,10
1442,1708,10
1485,1709,10
1586,1710,10
1637,1711,10
1655,1712,10
1731,1713,10
1834,1714,10
1964,1715,10
2019,1716,10
2035,1717,10
2042,1718,10
2051,1719,10
2054,1720,10
2077,1721,10
2122,1722,10
2327,1723,10
2447,1724,10
2471,1725,10
2481,1726,10
2491,1727,10
2520,1728,10
2530,1729,10
2556,1730,10
2576,1731,10
9,1732,11
17,1733,11
20,1734,11
50,1735,11
77,1736,11
91,1737,11
92,1738,11
140,1739,11
141,1740,11
163,1741,11
218,1742,11
236,1743,11
278,1744,11
280,1745,11
288,1746,11
298,1747,11
301,1748,11
349,1749,11
353,1750,11
365,1751,11
366,1752,11
404,1753,11
408,1754,11
410,1755,11
435,1756,11
466,1757,11
481,1758,11
529,1759,11
612,1760,11
618,1761,11
639,1762,11
662,1763,11
668,1764,11
670,1765,11
680,1766,11
695,1767,11
697,1768,11
700,1769,11
703,1770,11
704,1771,11
706,1772,11
714,1773,11
722,1774,11
723,1775,11
724,1776,11
750,1777,11
755,1778,11
767,1779,11
772,1780,11
775,1781,11
805,1782,11
806,1783,11
845,1784,11
856,1785,11
903,1786,11
912,1787,11
936,1788,11
963,1789,11
970,1790,11
975,1791,11
1005,1792,11
1022,1793,11
1041,1794,11
1053,1795,11
1069,1796,11
1070,1797,11
1087,1798,11
1097,1799,11
1104,1800,11
1116,1801,11
1118,1802,11
1133,1803,11
1134,1804,11
1136,1805,11
1139,1806,11
1148,1807,11
1150,1808,11
1153,1809,11
1159,1810,11
1165,1811,11
1170,1812,11
1175,1813,11
1176,1814,11
1188,1815,11
1219,1816,11
1228,1817,11
1251,1818,11
1253,1819,11
1277,1820,11
1291,1821,11
1292,1822,11
1296,1823,11
1304,1824,11
1402,1825,11
1413,1826,11
1439,1827,11
1448,1828,11
1466,1829,11
1549,1830,11
1550,1831,11
1554,1832,11
1556,1833,11
1559,1834,11
1579,1835,11
1591,1836,11
1607,1837,11
1612,1838,11
1623,1839,11
1624,1840,11
1632,1841,11
1649,1842,11
1657,1843,11
1664,1844,11
1691,1845,11
1813,1846,11
1833,1847,11
1852,1848,11
1941,1849,11
1990,1850,11
2021,1851,11
2055,1852,11
2073,1853,11
2074,1854,11
2085,1855,11
2089,1856,11
2097,1857,11
2103,1858,11
2109,1859,11
2114,1860,11
2126,1861,11
2129,1862,11
2136,1863,11
2149,1864,11
2168,1865,11
2206,1866,11
2278,1867,11
2287,1868,11
2299,1869,11
2311,1870,11
2321,1871,11
2323,1872,11
2324,1873,11
2345,1874,11
2368,1875,11
2449,1876,11
2487,1877,11
2518,1878,11
2542,1879,11
2543,1880,11
2551,1881,11
2557,1882,11
2563,1883,11
2573,1884,11
2577,1885,11
16,1886,12
19,1887,12
23,1888,12
222,1889,12
279,1890,12
290,1891,12
307,1892,12
315,1893,12
323,1894,12
326,1895,12
355,1896,12
375,1897,12
381,1898,12
382,1899,12
390,1900,12
424,1901,12
457,1902,12
487,1903,12
525,1904,12
555,1905,12
609,1906,12
624,1907,12
626,1908,12
631,1909,12
707,1910,12
712,1911,12
745,1912,12
777,1913,12
781,1914,12
782,1915,12
783,1916,12
809,1917,12
821,1918,12
881,1919,12
888,1920,12
942,1921,12
949,1922,12
956,1923,12
974,1924,12
978,1925,12
981,1926,12
982,1927,12
984,1928,12
989,1929,12
997,1930,12
1007,1931,12
1066,1932,12
1067,1933,12
1117,1934,12
1187,1935,12
1243,1936,12
1302,1937,12
1313,1938,12
1314,1939,12
1340,1940,12
1396,1941,12
1476,1942,12
1504,1943,12
1570,1944,12
1583,1945,12
1633,1946,12
1636,1947,12
1638,1948,12
1663,1949,12
1713,1950,12
1862,1951,12
1894,1952,12
1897,1953,12
1899,1954,12
1907,1955,12
1942,1956,12
2027,1957,12
2082,1958,12
2086,1959,12
2201,1960,12
2204,1961,12
2245,1962,12
2262,1963,12
2269,1964,12
2361,1965,12
2375,1966,12
2408,1967,12
2441,1968,12
2460,1969,12
2475,1970,12
2519,1971,12
21,1972,13
22,1973,13
38,1974,13
42,1975,13
89,1976,13
90,1977,13
103,1978,13
109,1979,13
130,1980,13
131,1981,13
183,1982,13
185,1983,13
187,1984,13
200,1985,13
204,1986,13
233,1987,13
250,1988,13
254,1989,13
262,1990,13
300,1991,13
310,1992,13
377,1993,13
379,1994,13
383,1995,13
384,1996,13
392,1997,13
393,1998,13
394,1999,13
395,2000,13
397,2001,13
402,2002,13
411,2003,13
421,2004,13
441,2005,13
443,2006,13
445,2007,13
446,2008,13
452,2009,13
493,2010,13
494,2011,13
495,2012,13
496,2013,13
498,2014,13
511,2015,13
535,2016,13
544,2017,13
617,2018,13
690,2019,13
744,2020,13
764,2021,13
765,2022,13
795,2023,13
824,2024,13
871,2025,13
872,2026,13
876,2027,13
900,2028,13
911,2029,13
930,2030,13
931,2031,13
935,2032,13
937,2033,13
946,2034,13
952,2035,13
977,2036,13
991,2037,13
1038,2038,13
1111,2039,13
1137,2040,13
1179,2041,13
1227,2042,13
1257,2043,13
1258,2044,13
1274,2045,13
1289,2046,13
1290,2047,13
1316,2048,13
1319,2049,13
1327,2050,13
1375,2051,13
1401,2052,13
1432,2053,13
1435,2054,13
1438,2055,13
1441,2056,13
1447,2057,13
1450,2058,13
1480,2059,13
1560,2060,13
1562,2061,13
1563,2062,13
1566,2063,13
1567,2064,13
1568,2065,13
1571,2066,13
1593,2067,13
1616,2068,13
1619,2069,13
1642,2070,13
1677,2071,13
1734,2072,13
1737,2073,13
1767,2074,13
1770,2075,13
1808,2076,13
1810,2077,13
1811,2078,13
1814,2079,13
1815,2080,13
1881,2081,13
1890,2082,13
1892,2083,13
1895,2084,13
1898,2085,13
1926,2086,13
2014,2087,13
2033,2088,13
2046,2089,13
2061,2090,13
2079,2091,13
2083,2092,13
2084,2093,13
2140,2094,13
2145,2095,13
2175,2096,13
2177,2097,13
2180,2098,13
2193,2099,13
2200,2100,13
2205,2101,13
2219,2102,13
2221,2103,13
2222,2104,13
2224,2105,13
2228,2106,13
2229,2107,13
2247,2108,13
2249,2109,13
2251,2110,13
2264,2111,13
2296,2112,13
2297,2113,13
2298,2114,13
2300,2115,13
2301,2116,13
2304,2117,13
2307,2118,13
2308,2119,13
2309,2120,13
2312,2121,13
2329,2122,13
2366,2123,13
2387,2124,13
2394,2125,13
2400,2126,13
2426,2127,13
2464,2128,13
2477,2129,13
2490,2130,13
28,2131,14
29,2132,14
33,2133,14
61,2134,14
68,2135,14
277,2136,14
295,2137,14
306,2138,14
400,2139,14
403,2140,14
469,2141,14
541,2142,14
645,2143,14
646,2144,14
649,2145,14
666,2146,14
667,2147,14
682,2148,14
718,2149,14
727,2150,14
780,2151,14
859,2152,14
868,2153,14
939,2154,14
964,2155,14
979,2156,14
1027,2157,14
1037,2158,14
1045,2159,14
1054,2160,14
1057,2161,14
1061,2162,14
1068,2163,14
1074,2164,14
1075,2165,14
1082,2166,14
1092,2167,14
1096,2168,14
1121,2169,14
1131,2170,14
1229,2171,14
1275,2172,14
1312,2173,14
1376,2174,14
1377,2175,14
1378,2176,14
1379,2177,14
1384,2178,14
1386,2179,14
1387,2180,14
1388,2181,14
1389,2182,14
1395,2183,14
1406,2184,14
1529,2185,14
1569,2186,14
1622,2187,14
1645,2188,14
1690,2189,14
1694,2190,14
1847,2191,14
1891,2192,14
1981,2193,14
2023,2194,14
2034,2195,14
2045,2196,14
2071,2197,14
2101,2198,14
2105,2199,14
2468,2200,14
2549,2201,14
15,2202,15
26,2203,15
34,2204,15
36,2205,15
43,2206,15
52,2207,15
53,2208,15
83,2209,15
96,2210,15
98,2211,15
99,2212,15
113,2213,15
115,2214,15
122,2215,15
125,2216,15
126,2217,15
127,2218,15
180,2219,15
196,2220,15
201,2221,15
202,2222,15
203,2223,15
206,2224,15
209,2225,15
210,2226,15
214,2227,15
216,2228,15
217,2229,15
229,2230,15
231,2231,15
235,2232,15
238,2233,15
247,2234,15
253,2235,15
255,2236,15
273,2237,15
283,2238,15
285,2239,15
291,2240,15
296,2241,15
308,2242,15
311,2243,15
314,2244,15
380,2245,15
386,2246,15
388,2247,15
405,2248,15
409,2249,15
423,2250,15
425,2251,15
433,2252,15
434,2253,15
436,2254,15
462,2255,15
468,2256,15
471,2257,15
473,2258,15
478,2259,15
484,2260,15
488,2261,15
503,2262,15
504,2263,15
510,2264,15
513,2265,15
517,2266,15
527,2267,15
528,2268,15
540,2269,15
563,2270,15
585,2271,15
587,2272,15
595,2273,15
613,2274,15
615,2275,15
620,2276,15
628,2277,15
629,2278,15
642,2279,15
647,2280,15
650,2281,15
653,2282,15
654,2283,15
656,2284,15
664,2285,15
669,2286,15
678,2287,15
681,2288,15
687,2289,15
693,2290,15
698,2291,15
699,2292,15
708,2293,15
710,2294,15
711,2295,15
717,2296,15
721,2297,15
725,2298,15
758,2299,15
768,2300,15
769,2301,15
771,2302,15
774,2303,15
776,2304,15
787,2305,15
788,2306,15
789,2307,15
791,2308,15
800,2309,15
802,2310,15
803,2311,15
804,2312,15
820,2313,15
823,2314,15
848,2315,15
851,2316,15
864,2317,15
865,2318,15
869,2319,15
873,2320,15
878,2321,15
879,2322,15
880,2323,15
883,2324,15
885,2325,15
887,2326,15
898,2327,15
904,2328,15
906,2329,15
908,2330,15
927,2331,15
932,2332,15
933,2333,15
938,2334,15
944,2335,15
950,2336,15
951,2337,15
953,2338,15
957,2339,15
958,2340,15
966,2341,15
967,2342,15
969,2343,15
972,2344,15
985,2345,15
986,2346,15
998,2347,15
1000,2348,15
1006,2349,15
1008,2350,15
1010,2351,15
1016,2352,15
1029,2353,15
1031,2354,15
1043,2355,15
1047,2356,15
1063,2357,15
1073,2358,15
1080,2359,15
1107,2360,15
1113,2361,15
1114,2362,15
1119,2363,15
1124,2364,15
1126,2365,15
1128,2366,15
1129,2367,15
1135,2368,15
1138,2369,15
1140,2370,15
1145,2371,15
1152,2372,15
1155,2373,15
1156,2374,15
1157,2375,15
1169,2376,15
1210,2377,15
1222,2378,15
1224,2379,15
1225,2380,15
1236,2381,15
1247,2382,15
1248,2383,15
1255,2384,15
1269,2385,15
1278,2386,15
1284,2387,15
1299,2388,15
1305,2389,15
1307,2390,15
1309,2391,15
1311,2392,15
1317,2393,15
1320,2394,15
1328,2395,15
1329,2396,15
1331,2397,15
1332,2398,15
1335,2399,15
1341,2400,15
1342,2401,15
1344,2402,15
1345,2403,15
1348,2404,15
1355,2405,15
1359,2406,15
1360,2407,15
1365,2408,15
1382,2409,15
1383,2410,15
1397,2411,15
1398,2412,15
1404,2413,15
1410,2414,15
1417,2415,15
1422,2416,15
1431,2417,15
1433,2418,15
1445,2419,15
1464,2420,15
1467,2421,15
1478,2422,15
1479,2423,15
1482,2424,15
1494,2425,15
1495,2426,15
1496,2427,15
1518,2428,15
1519,2429,15
1523,2430,15
1555,2431,15
1561,2432,15
1572,2433,15
1599,2434,15
1601,2435,15
1608,2436,15
1610,2437,15
1618,2438,15
1621,2439,15
1625,2440,15
1630,2441,15
1639,2442,15
1640,2443,15
1646,2444,15
1647,2445,15
1648,2446,15
1651,2447,15
1667,2448,15
1669,2449,15
1670,2450,15
1689,2451,15
1697,2452,15
1710,2453,15
1760,2454,15
1761,2455,15
1793,2456,15
1794,2457,15
1816,2458,15
1839,2459,15
1855,2460,15
1856,2461,15
1863,2462,15
1864,2463,15
1867,2464,15
1875,2465,15
1888,2466,15
1906,2467,15
1910,2468,15
1912,2469,15
1920,2470,15
1928,2471,15
1935,2472,15
1944,2473,15
1946,2474,15
1949,2475,15
1971,2476,15
1972,2477,15
1977,2478,15
1986,2479,15
1995,2480,15
1998,2481,15
1999,2482,15
2001,2483,15
2009,2484,15
2022,2485,15
2030,2486,15
2031,2487,15
2039,2488,15
2050,2489,15
2052,2490,15
2057,2491,15
2076,2492,15
2110,2493,15
2121,2494,15
2123,2495,15
2139,2496,15
2142,2497,15
2150,2498,15
2152,2499,15
2179,2500,15
2185,2501,15
2187,2502,15
2195,2503,15
2197,2504,15
2198,2505,15
2199,2506,15
2233,2507,15
2235,2508,15
2240,2509,15
2241,2510,15
2246,2511,15
2253,2512,15
2256,2513,15
2259,2514,15
2263,2515,15
2268,2516,15
2280,2517,15
2302,2518,15
2305,2519,15
2320,2520,15
2339,2521,15
2343,2522,15
2351,2523,15
2352,2524,15
2360,2525,15
2363,2526,15
2376,2527,15
2377,2528,15
2380,2529,15
2383,2530,15
2393,2531,15
2396,2532,15
2397,2533,15
2402,2534,15
2404,2535,15
2406,2536,15
2407,2537,15
2410,2538,15
2411,2539,15
2413,2540,15
2415,2541,15
2417,2542,15
2421,2543,15
2427,2544,15
2433,2545,15
2434,2546,15
2438,2547,15
2443,2548,15
2445,2549,15
2446,2550,15
2453,2551,15
2456,2552,15
2458,2553,15
2466,2554,15
2467,2555,15
2469,2556,15
2470,2557,15
2473,2558,15
2474,2559,15
2476,2560,15
2478,2561,15
2479,2562,15
2483,2563,15
2486,2564,15
2499,2565,15
2505,2566,15
2506,2567,15
2508,2568,15
2509,2569,15
2522,2570,15
2531,2571,15
2535,2572,15
2538,2573,15
2540,2574,15
2544,2575,15
2545,2576,15
2546,2577,15
2554,2578,15
2561,2579,15
2564,2580,15
2570,2581,15
2574,2582,15
2575,2583,15
